525nmC1,525nmC2,630nmC1,630nmC2,850nmC1,850nmC2,940nmC1,940nmC2
22193,1564,18772,2580,139988,4986,153092,4785
21844,2457,18674,3932,146967,5587,162268,5557
21647,2571,18674,3655,146613,5212,168871,5173
21771,2110,18797,737,130761,4777,120495,4406
21592,2127,18610,3305,148114,5903,139963,5672
21472,2895,18461,3697,146605,5676,158744,5502
21489,2243,18691,1620,126061,5238,132903,4747
21664,1901,18666,1223,138866,5412,151731,5071
21613,2806,18610,3253,146191,5826,170295,5792
21498,2639,18661,3117,139190,5259,144237,4747
21481,1684,18657,2400,127929,5045,154581,4760
21438,2605,18751,3058,133509,5881,172761,5745
21434,2618,18546,3979,145602,5331,147799,5267
21549,2004,18674,1552,110722,4914,120319,4333
21817,2008,18695,2115,146527,5818,137702,5511
21459,2747,18640,3015,144117,4738,155331,5352
21288,2230,18704,1304,102229,3761,123915,4171
21186,1876,18627,1232,124376,3531,170193,4828
21404,2724,18495,6167,147987,5979,171328,5681
21984,2546,18810,3122,148865,5195,153762,4777
22086,1632,18729,2379,116605,4918,143857,4679
21805,2486,18661,3207,148191,6023,174745,5792
21601,2781,18687,3190,148281,5408,159960,5494
21800,2013,18772,1104,130314,4891,114091,4294
21848,2184,18704,2192,148563,5877,142663,5664
21626,2934,18738,3591,146297,5540,154632,5613
21544,2201,18653,2836,113490,4849,128736,4751
21340,1949,18568,1018,120533,5263,151177,4908
21233,2827,18452,3970,109148,4277,174566,5450
21174,2465,18482,3868,147522,5221,172591,4683
22117,1598,18670,1590,147735,5050,157106,4713
22138,2567,18585,3535,147948,5813,173021,5642
21929,2627,18772,2286,147948,5101,173277,5233
21942,1752,18725,1369,117581,4713,126628,4243
21771,2188,18610,2426,149083,5830,151480,5642
21502,2815,18554,3280,139033,5617,164691,5549
21557,2213,18627,2358,103513,4994,133189,4589
21618,1791,18593,840,107318,5079,146199,4935
21284,2827,18546,3839,148554,5941,164332,5801
21451,2405,18529,2755,126744,5147,130890,4908
21485,1761,18632,1842,104059,4990,129521,4751
21481,2712,18444,3190,137523,5604,147380,5647
21391,2751,18636,3697,148989,5318,143734,5327
21643,1842,18729,2243,103116,3651,56792,4380
20858,2132,18858,1979,146059,5966,173503,5374
20837,2772,18490,4107,145636,5715,171895,5306
21908,2098,18683,2478,147010,5062,156952,4606
22189,1765,18640,1086,146800,5433,146830,5079
22001,2730,18700,3787,147854,5873,172868,5685
22107,2341,18695,2724,145939,5177,149911,4853
22164,1620,18700,2161,122099,4948,143763,4610
21737,2529,18602,3642,147939,5775,163595,5788
21664,2734,18627,2635,149365,5481,157136,5284
21677,1893,18674,1983,148626,4815,125532,4427
21630,2320,18572,2584,135429,5869,158992,5519
21447,2798,18564,4555,148290,5775,155064,5391
21715,2127,18593,2627,103018,5092,124743,4696
21567,1803,18405,2491,122700,5494,106026,5101
21118,2874,18550,4320,147744,5886,163292,5805
21144,2482,18448,3480,99354,5348,148865,4883
21263,1791,18405,1752,98096,4760,122048,4546
21703,2635,18585,4290,147812,5966,172672,5591
22031,2724,18721,3075,148017,5369,173076,5118
22202,1752,18819,1880,143213,4853,133880,4235
22014,2076,18776,2618,148584,5613,168107,5433
21711,2810,18725,4303,148963,5664,163283,5437
21749,2161,18780,1569,135317,5071,147530,4713
21749,1825,18576,2004,136602,5242,158135,5020
21584,2844,18661,4487,145875,5860,174242,5856
21430,2383,18465,2358,140206,5045,137109,5041
21609,1782,18589,2264,148089,4870,160114,4840
21626,2781,18486,3348,143772,5689,148955,5706
21485,2720,18541,2669,130655,5587,131845,5365
21711,2042,18615,2358,108917,4700,106089,4235
21374,2161,18619,1411,122346,5839,158245,5420
21332,2844,18499,4521,84053,5996,146783,5408
21396,2166,18490,929,61049,5152,172548,4542
21946,1825,18729,2443,149006,5454,162084,5011
22099,2832,18751,4440,148008,5784,171080,5625
22107,2328,18755,2533,147198,5263,158761,4866
22334,1655,18725,2256,133360,4751,137284,4713
22215,2593,18738,2648,147956,5818,174105,5651
21920,2563,18691,1974,148012,5519,157798,5152
21920,1757,18674,2315,128399,4836,143879,4350
21891,2264,18653,2277,146425,5762,161274,5506
21698,2716,18657,3446,148051,5775,166077,5403
21605,2196,18666,1211,148093,5088,133808,4593
21783,1893,18640,1667,104341,4120,150499,5079
21379,2861,18678,3198,140189,5835,175044,5818
21588,2478,18632,1505,126710,5199,127968,4948
21694,1752,18524,2235,103103,5028,113900,4990
21596,2724,18495,3748,143780,5864,148127,5693
21438,2747,18700,2776,82070,5651,154018,5344
21011,1727,18768,1778,94197,5096,172518,4180
21673,2157,18627,2819,145734,5869,173452,5425
22065,2793,18746,3996,147867,5907,173482,5386
22283,2076,18789,1232,147534,5084,141929,4768
22223,1740,18725,1586,144326,5242,153225,5118
22082,2716,18729,2908,147970,5852,173640,5733
22142,2341,18712,2132,147594,5195,157754,4969
22227,1710,18772,1266,136733,4768,144148,4713
21937,2469,18627,2260,148366,5856,173188,5511
21762,2652,18653,2081,148302,5502,164298,5242
21762,1928,18776,2789,147824,4870,169063,4209
22027,2239,18554,1757,86319,5651,142872,5494
21523,2738,18465,4116,144480,6078,142492,5468
21540,2273,18802,1659,99311,5079,130463,4922
21425,1727,18644,669,119773,4751,134255,4922
21652,2712,18610,3663,147718,5941,172672,5668
22095,2478,18738,3276,147219,5382,156975,4999
22270,1740,18831,2076,129726,4772,137813,4781
22236,2601,18653,2730,147632,5852,172855,5549
22073,2734,18780,3395,146400,5433,166039,5306
22138,1854,18742,2174,143861,4840,118004,4397
21891,2064,18640,2303,136994,5468,156983,5369
21673,2819,18734,3651,146929,5788,174970,5416
21720,2315,18905,3079,110292,5024,141469,4738
21571,1765,18657,1837,139446,5408,160566,4960
21459,2772,18674,2921,146318,5894,152504,5723
21544,2430,18495,2269,133262,5460,128744,5028
21724,1854,18554,1880,100621,4734,115525,4751
21652,2652,18456,2929,147803,5971,172322,5600
21698,2815,18721,2832,148285,5498,168879,5323
21908,1996,18746,2810,123096,4908,129137,4436
21745,2252,18632,3041,127512,5489,155327,5386
21557,2832,18581,3608,141486,6057,164806,5562
21588,2170,18755,1765,99286,5088,132046,4789
21549,1752,18687,1390,107160,4956,171179,5020
21468,2832,18712,3092,149816,5928,173793,5775
21089,2648,18819,3454,147863,5297,173742,4999
21660,1791,18627,1283,101453,4887,114919,4658
21690,2614,18461,4137,138999,5911,151953,5758
21605,2904,18589,2815,147731,5506,136738,5369
21584,1893,18746,2188,112637,5187,98574,4631
21114,2239,18295,2776,106328,5762,116144,4956
20935,2866,18268,4563,116258,6023,172206,5416
21622,2209,18653,4730,146118,5037,166598,4641
22134,1526,18763,2106,148844,5173,158160,4874
22121,2730,18670,3531,148063,5873,173298,5681
22168,2345,18721,2546,148055,5314,162660,4931
22274,1642,18797,1501,131705,4662,139511,4521
22138,2375,18670,2434,148212,5719,169558,5562
21865,2832,18806,3386,141763,5553,152252,5263
21766,1854,18725,2034,129358,5050,130915,4453
21766,2161,18602,2912,138555,5369,162259,5352
21728,2895,18823,3787,143666,5762,154052,5676
21652,2337,18610,2081,125379,5272,128655,4849
21728,1547,18619,946,108108,5016,75979,3816
21208,2857,18746,3437,145794,5233,167066,5638
21259,2439,18529,2457,130420,5408,173124,4806
21933,1808,18729,2085,143939,4874,147414,4641
22206,2383,18666,2533,148072,5907,173542,5741
22142,2810,18810,2734,147577,5545,172053,5280
22266,1949,18858,2673,140049,5020,143922,4512
22219,2093,18666,1420,148089,5378,159273,5468
22065,2742,18729,3032,148055,5613,173491,5532
22039,2093,18823,1888,143644,5079,135612,4521
22001,1624,18695,2434,128812,5028,145585,5088
21656,2840,18708,3975,146595,5754,172215,5672
21741,2571,18729,2495,139753,5442,162204,4772
22048,1714,18708,1471,148546,4717,139634,4495
22210,2392,18755,2520,100041,5625,145253,5830
21622,2759,18598,3996,106631,5416,140189,5195
21698,2038,18615,2857,113230,5199,105628,4533
21571,2102,18568,1672,137118,5630,148882,5549
21263,2895,18657,2768,92623,6061,171430,5352
21800,2161,18708,3795,146041,5113,156624,4555
22236,1611,18729,1718,148819,5147,151676,4960
21908,2644,18691,2768,148447,5775,173546,5634
21686,2605,18721,3262,120721,5079,157883,4794
21724,1833,18649,1672,120387,4768,126590,4785
21694,2379,18593,3617,148861,5881,174612,5741
21536,2840,18653,3416,128480,5566,168427,5062
22022,2064,18930,2559,72383,4832,104315,4597
21724,1996,18554,2985,116050,5621,131521,5511
21481,2823,18537,2724,144212,5886,151160,5668
21571,2388,18602,2665,116514,4982,80099,4811
21404,1731,18281,2184,147636,5331,173645,4900
21988,2772,18738,4470,147983,5822,173457,5664
22155,2512,18725,2451,147295,5323,158348,4874
22295,1672,18837,1897,131086,4785,133969,4529
22210,2290,18674,3608,147329,5762,171707,5608
22219,2730,18755,3262,147744,5676,165113,5301
22181,1850,18814,2243,144186,4960,134618,4457
22027,1991,18700,2034,140722,5310,169089,5446
21635,2724,18700,3966,148677,5886,174293,5613
21762,2392,18755,2337,148379,5187,173384,4679
21984,1735,18666,2021,80700,5255,118690,4935
21592,2946,18499,3066,142680,5805,158638,5613
21459,2601,18593,3617,123032,4385,115299,5071
21294,1880,18619,2358,82108,4819,89595,4576
21553,2311,18482,5195,147645,5996,172223,5613
22010,2857,18729,4021,147479,5647,171592,5272
22236,1846,18797,1564,145547,5028,139810,4521
22189,1945,18674,1109,147168,5221,164670,5391
21946,2747,18708,2738,148404,5843,172501,5519
21946,2311,18746,2618,136781,4922,130416,4670
21882,1786,18670,1334,130335,4986,159051,4982
21737,2832,18602,3454,148724,5860,164302,5553
21502,2571,18687,2341,140868,5553,172987,4900
21920,1880,18738,853,67618,4487,100472,4610
21630,2290,18431,3207,140176,5903,148870,5847
21523,2810,18439,3390,134149,5399,143649,5348
21643,2038,18640,1044,108064,3697,124056,4576
21315,1949,18115,1846,118622,4265,119087,5369
21523,2699,18541,5130,147710,5928,172509,5536
22073,2396,18763,1573,145913,5156,157606,4627
22274,1509,18674,2482,145888,5139,145257,4908
22164,2644,18644,4103,147888,5822,173116,5625
22090,2457,18768,2912,147790,5442,164904,4965
22261,1752,18678,2383,136568,4738,137774,4410
22099,2161,18700,3322,147735,5903,170483,5702
21891,2789,18593,2576,148225,5540,164772,5340
21766,1949,18738,2593,137361,5075,130949,4529
21754,2000,18636,1552,137194,5289,168884,5477
21643,2806,18670,3958,131551,5971,171131,5664
21643,2447,18674,2520,144417,5037,151322,4828
21502,1663,18422,2379,106017,4883,124112,4926
21557,2768,18478,4026,142663,6000,150478,5570
21472,2614,18495,3117,122252,5267,136665,5096
21579,1957,18482,2170,101061,4444,105156,4563
21387,2123,18376,3458,127315,4721,135288,5511
21468,2734,18507,5045,147607,5625,171025,5143
22206,1871,18670,1603,147841,4914,145261,4453
22249,1884,18670,2405,148157,5540,150665,5340
22061,2678,18712,4060,148127,5826,174007,5570
21929,2396,18776,1735,142309,4952,141158,4645
21925,1564,18666,2499,125682,5075,133944,4811
21745,2793,18632,4235,147236,5591,169694,5553
21775,2652,18845,1850,100416,5468,141618,5037
21669,1897,18653,2294,88844,4700,114954,4320
21515,2192,18606,2345,144881,5775,155733,5698
21421,2912,18554,2546,82577,5813,150742,5391
21345,2008,18589,2439,147539,5109,173610,4376
22061,2030,18644,3003,148498,5352,166115,5250
22035,2707,18755,2866,147778,5796,173444,5723
22142,2409,18755,2849,148806,5088,150235,4559
22065,1530,18606,2362,143973,5156,141643,5016
21754,2644,18691,3416,145981,5775,170748,5767
21613,2712,18640,3262,146809,5369,162698,5011
21840,1837,18738,1454,97622,4823,169178,4423
21698,2239,18529,3676,128037,5642,152717,5801
21540,2883,18554,3126,140722,5566,156501,5361
21575,1983,18546,1100,107327,3864,128403,4584
21438,1966,18516,1786,118247,4806,130386,5139
21191,2985,18670,3181,147223,5949,172731,5625
21937,2349,18564,3382,146609,5164,167775,4675
22215,1689,18687,1143,144766,5238,151314,4874
22202,2567,18734,2866,147807,5762,173670,5693
22125,2434,18717,3672,147441,5284,164418,5062
22056,1615,18708,1428,136013,4666,109903,4256
21912,2153,18666,2469,147445,5723,160941,5733
21561,2810,18585,5460,148370,5553,172143,5468
21664,2047,18661,2546,140572,5054,152576,4606
21592,2119,18678,1552,122793,5450,168918,5293
21212,2861,18499,4713,140142,5839,161312,5826
21532,2366,18507,3075,124556,5297,127392,4798
21728,1607,18397,2627,110210,5191,116980,4914
21544,2764,18439,3310,142684,4641,167322,5873
21263,2597,18627,1808,142091,5532,107484,5331
21131,1867,18363,3497,48806,3382,102733,4146
21527,2256,18418,3877,147790,5801,170633,5621
22031,2891,18704,5485,147812,5557,173580,5472
22082,1991,18806,861,138453,5058,130822,4465
21869,2076,18661,1458,143319,5446,141537,5204
21656,2789,18507,4107,149564,5830,170539,5771
21588,2388,18564,1991,147551,5160,152836,4683
21840,1718,18653,2392,120605,4948,136085,4969
21396,2495,18585,4171,147645,5792,175175,5754
21489,2516,18507,2184,127468,5331,142834,5024
21664,1876,18529,1991,102327,4874,109677,4563
21567,2213,18465,3314,125468,5391,149006,5775
21315,2891,18619,2946,145632,5771,124884,5374
21353,2196,18610,2239,148665,5130,172752,4406
21792,2004,18581,2499,147164,5382,160706,5126
22121,2699,18653,3109,147974,5779,172561,5587
22172,2345,18725,2461,149291,4969,149859,4696
22232,1411,18700,1317,138752,5096,139613,4738
22240,2567,18704,2853,147960,5710,173201,5754
21950,2422,18755,3557,148413,5472,161978,5041
21929,1778,18687,1253,135083,4794,137869,4423
21630,2256,18606,3412,148823,5583,171400,5532
21822,2802,18700,4112,96342,5472,135160,5395
21715,2149,18564,2188,116540,5028,118425,4635
21664,2042,18469,2260,117056,5255,85149,5208
21250,2772,18495,3646,137723,6023,161824,5792
20990,2422,18410,3924,76218,5323,173179,4542
21792,1484,18593,3518,148038,5101,165411,4811
22065,2597,18632,4077,147858,5771,173337,5719
22130,2461,18683,2213,145598,5566,169294,5152
22236,1833,18593,2021,139105,4781,137288,4444
22134,2264,18649,3151,148260,5672,172540,5625
21834,2720,18683,4299,149014,5416,167472,5399
21929,2076,18725,2008,123553,4874,142237,4589
21805,2038,18606,1611,144719,5246,153945,5084
21698,2789,18593,3663,147355,5779,173755,5685
21686,2243,18678,1820,145751,5105,144796,4760
21571,1659,18674,1560,122776,4939,147073,4730
21588,2627,18558,4124,128458,5886,156671,5792
21434,2661,18444,3570,131628,5727,134566,5318
21622,2042,18554,2396,103905,4849,106299,4311
21476,2311,18581,4341,148110,5715,173909,5608
21813,2772,18653,4129,148438,5706,172024,5331
21895,2102,18712,2588,131876,5041,150998,4567
21758,2059,18674,1765,148524,5420,165932,4999
21737,2768,18721,2895,148728,5621,166384,5630
21707,2396,18708,2917,114087,5250,135868,4683
21652,1624,18632,2550,88046,5062,144041,4597
21686,2588,18541,2286,133616,5676,154449,5693
21370,2720,18537,2178,138163,5566,146749,5327
21715,1974,18564,1096,100771,4798,73782,4410
21421,2136,18444,3970,148362,5596,174092,5536
21694,2793,18558,3164,149262,5664,159047,5454
21677,2170,18704,2648,134959,4879,133918,4601
21575,1991,18482,2178,108307,5468,162135,5067
21489,2720,18558,2738,148597,5727,174348,5553
21442,2580,18456,3492,142574,5216,128202,4806
21557,1689,18410,2690,82014,5156,130903,4606
21895,2495,18657,3710,103240,5698,143917,5659
21519,2656,18478,2734,135313,5446,136985,5437
21626,2030,18512,2495,109050,4952,103116,4440
21639,2136,18516,2422,123915,4461,150055,5745
21212,2891,18623,3591,138739,5979,114817,4670
21408,2205,18593,3185,147325,5092,172386,4512
22073,1932,18610,1377,148779,5280,160988,4914
21848,2618,18627,4192,146118,5860,166551,5860
21677,2482,18700,2136,136278,5173,156679,4781
21728,1748,18606,2004,124598,4879,145418,4679
21571,2635,18636,3757,147137,6044,169754,5771
21609,2648,18644,2315,148307,5477,123203,5259
21762,2017,18670,1663,94231,4922,114637,4448
21584,2149,18371,3147,134507,5869,137592,5733
21374,2793,18465,3117,135658,4559,155102,5557
21332,2192,18678,1854,147594,5054,171738,4478
22035,1850,18640,1577,145670,5378,164200,4948
21886,2703,18610,4504,148068,5642,174229,5710
21920,2525,18780,3156,128514,5024,146618,4789
21783,1735,18615,933,117930,5062,148042,4845
21652,2635,18742,3177,146340,5988,170680,5676
21673,2764,18704,3744,122926,5323,130160,5382
21596,1974,18503,1594,105082,4832,116865,4282
21472,2247,18456,1138,138312,5801,147543,5642
21485,2874,18444,4197,147176,5873,149837,5519
21891,2149,18763,959,104251,5135,110832,4679
21715,1876,18473,1198,108760,4184,56740,3395
21161,2781,18644,2857,146417,6099,103125,5613
21703,2307,18507,2491,146895,5225,173320,4627
22261,1752,18700,2451,135612,4887,151778,4653
22394,2546,18704,3198,148656,5642,169118,5689
22065,2597,18746,3651,147679,5485,169110,5335
22308,1799,18742,2132,142377,4764,137284,4350
22257,2093,18717,1177,146605,5856,165463,5553
22061,2716,18725,3966,148498,5805,173683,5412
22086,2030,18845,959,118997,5016,147543,4704
21840,1859,18606,2055,149867,5498,153208,5067
21656,2908,18721,4457,148294,5745,141789,5792
21707,2426,18691,2491,92977,5139,134174,4956
21622,1757,18576,2311,107566,4986,122167,4862
21527,2652,18469,3092,148000,5945,150836,5796
21468,2764,18554,1987,132549,5433,143115,5365
21502,1850,18666,1940,48298,3276,131133,4256
21246,2239,18371,3262,131662,5822,172855,5420
21792,2857,18627,3787,147731,5767,173239,5416
22232,2123,18768,1296,146605,5007,157341,4683
22219,1723,18763,1057,148899,5289,156202,5033
22113,2707,18712,3270,147960,5715,173448,5775
22099,2358,18768,3236,149317,5130,161112,4785
22039,1659,18755,2034,109873,4755,143704,4738
21728,2571,18473,4017,146182,5715,172041,5685
21660,2635,18717,3608,148537,5502,160207,5242
21830,1829,18687,1782,125775,4832,136380,4256
21749,2153,18610,2712,119646,5767,161798,5566
21553,2849,18568,4214,113938,5523,153928,5391
21447,2064,18482,2465,116207,5067,128403,4627
21532,1833,18388,1240,109736,4095,87043,4908
21084,2844,18687,3668,108654,5932,166619,5809
21152,2443,18649,2584,119138,5352,148315,4726
21861,1727,18649,2644,148524,4973,159512,4751
22223,2610,18632,3680,147841,5877,173090,5689
22134,2584,18644,2072,147683,5408,169131,5242
22232,1782,18768,2286,143452,4883,141366,4358
22244,2089,18678,1304,145803,5907,169400,5318
22044,2622,18751,4891,147820,5788,173307,5318
22202,2064,18691,1945,146063,5126,144796,4704
22185,1723,18644,1065,149518,5259,151228,4857
21857,2747,18678,5826,147372,5723,174817,5767
21720,2311,18640,3280,148400,5160,144936,4836
21805,1718,18632,2269,122158,4738,145782,4798
21630,2716,18636,3314,145875,5860,173103,5442
22018,2682,18763,2891,147922,5399,118067,5263
21796,1761,18695,1168,86190,4806,117564,4350
21571,2132,18414,1863,120998,5788,141861,5570
21379,2802,18401,3105,138064,4499,110781,5528
21157,2205,18175,3395,147926,5096,171925,4572
22005,1769,18490,2047,145696,5340,163829,5028
22113,2857,18632,5122,147475,5839,173239,5698
22232,2349,18708,2451,146925,5177,159440,4926
22312,1632,18746,1936,138291,4785,135825,4849
22181,2597,18657,3458,147653,5835,173337,5625
22052,2593,18721,2383,147820,5468,167804,5118
22176,1795,18721,1147,139839,4845,134136,4389
21745,2102,18746,1966,148853,5702,174237,5416
21567,2802,18627,4103,148904,5886,162272,5460
21732,2192,18640,2785,116408,4973,121258,4653
22001,1731,18725,1697,149445,5208,173905,5011
21899,2798,18793,3539,103467,5733,146225,5932
21686,2486,18393,3373,124662,5399,128655,4986
21669,1850,18495,1842,106060,5024,106106,4751
21549,2627,18619,2106,146502,5983,162293,5651
21408,2823,18469,3873,124283,4231,155912,5143
21498,2008,18576,1386,145738,5007,170637,4260
22027,2119,18550,1441,146694,5664,173328,5352
22048,2707,18636,3258,148025,5860,173286,5485
22151,2081,18763,3284,148264,5088,142995,4815
22278,1556,18644,1155,148984,5272,146442,4857
21933,2635,18763,4072,148682,5758,173853,5613
21796,2375,18623,3003,147931,5225,141021,4887
21967,1689,18606,2281,116182,4709,135160,4687
21796,2618,18490,2243,147858,5869,170820,5681
21506,2819,18537,2089,122858,5710,173239,5625
21711,2030,18708,1676,98663,4926,116387,4410
21588,2166,18452,1710,122888,5596,139016,5408
21425,2827,18456,3437,143708,5775,157447,5706
21396,2106,18687,1467,115206,4047,86907,4755
21033,1761,18422,2307,128539,5361,161419,4623
21553,2716,18499,6321,147693,5962,171639,5625
22078,2354,18738,1915,145560,5301,159299,4935
22069,1573,18691,1479,129316,4717,124761,4658
21766,2516,18602,3011,149407,5937,164550,5706
21639,2912,18738,3305,147137,5477,167339,5442
21758,1949,18712,1530,132204,4960,143069,4550
21549,2153,18529,2430,148273,5540,151143,5352
21605,2802,18589,4286,119505,5839,154581,5651
21527,2174,18371,2205,105970,5344,111665,4806
21476,1526,18222,1556,119633,5297,131218,4870
21220,2887,18418,3719,79259,5698,172121,5536
21681,2447,18674,2870,147253,5216,171486,4896
22189,1667,18721,1650,139131,4743,138517,4542
22107,2388,18670,3412,148626,5672,160251,5604
21724,2738,18602,2742,146933,5523,169579,5357
21882,1923,18831,1078,124816,4986,142471,4431
21758,2252,18598,2491,129840,5416,165966,5365
21527,2840,18623,3437,146472,5745,171089,5540
21485,2196,18602,2866,102191,5092,124863,4563
21749,1594,18572,2465,83879,5054,132911,5062
21493,2849,18388,4038,137036,5915,152870,5779
21510,2563,18550,3646,126996,5212,142466,4999
21613,1799,18581,2153,99059,5033,109054,4755
21451,2618,18516,3608,146587,6099,171114,5545
21579,2883,18564,3608,147773,5647,169698,5212
22142,1888,18708,2098,142506,5016,142936,4542
22130,1987,18712,1074,149096,5600,164545,5310
21754,2716,18806,3458,147065,5710,174737,5506
21707,2209,18632,2844,142518,5152,145009,4576
21749,1484,18461,2443,138969,5204,148034,4982
21618,2793,18615,3139,148550,5809,174864,5664
21472,2457,18486,3236,148938,5238,168065,4935
21630,1706,18564,2184,101607,4482,112991,4457
21451,2405,18376,3045,144992,5966,150375,5771
21332,2921,18490,2188,138491,4402,110180,5187
21408,1979,18589,1454,116732,5204,74523,4529
21212,2110,18473,1096,147850,5515,171592,5255
21749,2724,18640,4419,147666,5809,173503,5450
22138,2188,18683,2938,148413,5041,151805,4525
22317,1556,18615,2030,144284,5088,157004,4922
22164,2686,18581,4072,147304,5843,172079,5702
22052,2379,18738,3062,148806,5446,151544,4887
22236,1655,18670,2260,130869,4747,134511,4538
22044,2320,18653,2170,143302,5545,156774,5702
21677,2823,18700,2810,148626,5391,153374,5229
21745,1867,18691,1458,122850,5037,134827,4273
21933,1996,18636,1957,81716,5323,131325,5433
21622,2891,18452,4180,133679,5737,158203,5532
21575,2239,18546,2516,119185,5105,113196,4631
21379,1611,18507,601,124773,4777,113797,4874
20909,2810,18439,3109,145662,5818,171230,5437
21686,2546,18606,4465,147522,5532,165787,4853
22227,1791,18797,2184,134033,4828,141016,4576
22159,2375,18649,3911,147598,5767,173776,5668
21971,2686,18721,2810,148392,5600,164012,5233
22027,1893,18674,1697,140748,4823,142540,4345
21933,2013,18653,1615,149317,5276,165557,5528
21567,2703,18674,3860,147718,5771,172280,5608
21788,2320,18576,2849,109558,5050,120397,4683
21664,1672,18414,2222,115879,5293,118319,5088
21396,2815,18572,3045,148468,5988,172629,5719
21553,2610,18405,2085,95161,5570,116105,5045
21336,1859,18469,1313,65289,4857,124636,4649
21319,2315,18393,3139,142868,6133,155481,5655
21788,2712,18649,3373,146843,5655,173055,5374
22138,1953,18725,1603,144711,5007,136124,4580
22266,1983,18661,2925,147363,5374,164874,5416
22035,2665,18708,3407,147560,5983,172297,5630
22130,2209,18738,1893,149155,4994,146626,4601
22159,1642,18674,912,137882,4857,157183,5028
21630,2716,18683,3714,147397,5898,169545,5681
21630,2627,18763,3126,148229,5536,150669,4977
21673,1876,18666,1646,122871,4709,115729,4717
21455,2341,18589,5028,147854,5928,151361,5784
21502,2682,18465,3539,136529,5583,142079,5293
21669,1932,18558,1556,147590,4811,163624,4487
21762,2098,18435,2669,97533,5357,134839,5519
21383,2866,18524,2712,144889,4948,172288,5536
21417,2474,18503,2580,122815,5109,127546,4709
21523,1765,18422,2188,112083,5246,129119,4891
21817,2695,18537,3403,147513,5932,172314,5570
22065,2605,18657,3420,146971,5506,168342,5054
22278,1778,18725,2303,130715,4679,132041,4529
22232,2205,18606,2857,146703,5839,171051,5796
22014,2635,18653,3003,147995,5591,159205,5357
21882,1880,18725,1820,127328,4862,141725,4635
21741,2051,18558,2218,146271,5238,153733,5386
21813,2895,18755,2938,147103,5903,168206,5689
21677,2379,18721,2525,139046,5250,149526,4713
21698,1684,18700,2362,142445,5062,149479,5041
21481,2861,18632,3945,127388,5767,151242,5702
21532,2618,18516,3280,120042,5306,137728,5028
21656,1962,18602,1974,110074,4717,107638,4606
21571,2222,18520,2622,128676,4823,151310,5715
21271,2853,18397,4051,145725,5608,172847,5181
21984,1953,18759,2593,148076,5007,151280,4580
22215,1905,18683,2921,146899,5212,161355,5284
22130,2678,18670,3885,147897,5856,173030,5681
22219,2218,18797,2201,148775,5075,151484,4687
22325,1539,18712,2559,147556,4815,149885,4862
22082,2699,18636,3492,146942,5911,172991,5727
22069,2533,18700,2588,146903,5301,165992,4952
22142,1765,18746,2269,139677,4675,128638,4402
21933,2085,18619,2665,149335,5830,173367,5668
21792,2925,18623,2861,147995,5386,171763,5335
21916,1940,18649,1287,123967,4802,105010,4559
21652,1820,18606,3412,109293,5528,160101,5374
21519,2802,18568,3902,148694,5873,145606,5570
21865,2375,18640,2235,96065,5096,121616,4747
21673,1547,18520,2252,108222,5212,124986,4926
21618,2699,18380,3843,136716,6006,149911,5762
21540,2597,18554,2201,129290,5472,100685,5020
21259,1684,18461,2366,81703,4870,131555,4576
20598,2188,18541,3847,145721,5727,170386,5446
21438,2895,18478,5911,147513,5788,170073,5195
22232,1991,18763,1795,147901,4943,143200,4538
22121,1888,18670,1308,148750,5515,155255,5446
21903,2781,18619,3979,148328,5813,169800,5676
21749,2486,18759,1888,148588,5181,160071,4683
21840,1590,18763,1130,122495,5314,144741,4879
21618,2644,18644,3147,147752,5945,170974,5775
21618,2610,18636,2912,148353,5437,170858,5037
21584,1774,18708,2157,147752,4662,172518,4273
22095,2136,18708,2605,148353,5737,174011,5733
21976,2806,18623,2751,102583,5357,149206,5365
21592,2115,18524,1731,146314,5139,116097,4606
21630,1979,18354,1274,130310,5519,125216,5433
21413,2908,18499,3902,146481,5873,173116,5600
21783,2405,18759,3437,145747,5204,163356,4658
22321,1581,18751,1655,144066,5164,142500,4956
22210,2720,18738,3830,147888,5818,173025,5668
22107,2546,18721,3987,146527,5365,169182,4990
22223,1723,18776,959,140794,4635,140112,4141
22073,2132,18691,2426,148502,5767,171188,5634
21925,2866,18678,3202,148097,5489,156150,5403
21745,1932,18746,2264,142800,5084,138917,4623
21635,1897,18708,2712,145704,5408,172923,5173
21584,2849,18610,2593,131910,5928,153157,5877
21601,2362,18486,2542,121872,5169,128185,4845
21664,1642,18537,2400,96466,3975,100485,4798
21093,2785,18576,3634,121309,6006,172928,5784
21203,2563,18486,3629,147069,5472,172352,4977
21976,1786,18700,2349,145325,4802,141414,4406
22151,2324,18717,2734,147223,5676,172399,5702
22014,2764,18649,2747,148239,5437,170424,5289
22078,1897,18712,2457,135057,5096,143512,4368
21878,2017,18593,3045,148904,5545,140551,5181
21626,2853,18593,4631,145943,5988,175056,5852
21579,2209,18653,1628,142381,5173,149399,4781
21544,1598,18708,2673,132020,5147,147666,4794
21485,2785,18568,4201,148123,5536,174178,5706
21540,2593,18593,3416,150081,5195,134221,5088
21502,1940,18623,1667,120226,4704,173059,4299
21588,2281,18499,3147,110995,5719,155997,5762
21366,2917,18581,4406,144024,5719,154266,5532
21635,2178,18585,2243,109899,5195,113482,4692
21584,2072,18644,2682,91437,5566,136670,5335
21280,2861,18478,3492,112931,4461,174297,5706
21391,2303,18537,3062,147432,5386,172928,4614
22147,1611,18687,2525,140841,5109,158463,4849
22159,2618,18619,3864,147727,5727,173341,5813
22130,2439,18708,3219,146929,5433,168560,5092
22227,1752,18717,2375,139361,4730,134733,4474
21984,2123,18649,3096,141742,5596,159563,5659
21690,2861,18674,3122,146527,5566,171102,5395
21779,2153,18717,1211,130983,5096,125686,4743
21758,2106,18632,1249,110483,5481,154218,5340
21506,2840,18550,3890,116315,5818,172536,5745
21635,2559,18615,2451,114967,5280,129051,4806
21703,1650,18516,2912,108324,5173,117219,4891
21635,2730,18550,2832,131952,4559,151327,5553
21387,2588,18678,2277,98808,5681,168517,5289
21250,1983,18329,2000,78355,3526,161752,4218
21745,2170,18452,2499,147607,5809,169626,5642
22001,2900,18708,4461,147658,5591,173103,5489
22232,2081,18772,1031,144024,5139,141486,4593
22206,1888,18700,2588,148485,5191,152628,5067
22031,2627,18674,3992,148455,5818,174322,5600
21916,2230,18687,1467,127520,5267,147334,4704
21800,1543,18712,1433,134149,5139,153062,4751
21720,2712,18721,2793,147428,5771,174659,5796
21498,2529,18738,3147,148635,5710,165569,5272
21703,1915,18717,1850,87138,3497,147338,4393
21567,2417,18537,1556,117709,5839,153596,5613
21417,2793,18524,3412,147761,5719,156782,5502
21673,2098,18558,1420,111166,5177,115790,4713
21720,2017,18606,2747,147483,5327,173320,4904
21840,2730,18649,5071,147641,5860,171217,5557
22078,2264,18785,2038,145969,5263,157648,4743
22202,1556,18776,2482,141545,5011,152047,4781
21959,2567,18666,2785,148516,5856,174386,5651
21724,2417,18666,3604,147202,5255,172475,5216
21771,1876,18661,1928,134537,4840,124461,4440
21669,2320,18558,2989,148575,5651,170428,5719
21656,2887,18670,3812,148076,5655,173973,5562
21728,2218,18793,2093,92256,5130,133730,4563
21690,2013,18691,2230,128949,5437,159777,5037
21571,2716,18729,3318,130702,5860,159440,5659
21515,2457,18503,1543,125076,5395,134776,4794
21749,1727,18499,2102,106989,5225,124470,4879
21664,2610,18461,3928,136563,5822,97170,5771
21536,2686,18431,2686,122329,5284,116762,5216
21447,2021,18469,2742,46848,4870,119449,4529
21383,2226,18503,2469,147619,5779,172625,5549
21912,2724,18581,4222,147594,5822,170884,5395
22236,2144,18785,1445,148438,4922,145503,4589
22257,1837,18632,1479,148652,5408,157089,5135
22142,2554,18581,3310,147683,5852,172979,5698
22215,2499,18670,1403,148775,5164,153058,4709
22202,1581,18776,1791,134234,4918,142876,4631
21903,2546,18640,3549,148584,5788,162878,5655
21647,2644,18683,4081,146566,5511,167024,5301
21903,2000,18704,1850,122892,4832,131457,4368
21779,2098,18649,1420,147960,5767,130835,5642
21579,2883,18495,3488,136119,5698,144254,5365
21669,2213,18550,1535,119522,5242,114275,4649
21690,1987,18653,2102,115483,4095,110415,5020
21033,2819,18554,4068,116596,5954,176157,5822
20884,2559,18158,3668,84459,5323,173363,4658
21857,1706,18653,3024,147539,5092,154014,4768
22044,2622,18691,3015,147790,5966,171434,5733
21954,2588,18717,2925,148025,5238,165480,5323
21844,1842,18623,1403,116707,4785,129726,4231
21741,2149,18610,1543,148034,5788,163923,5715
21370,2781,18674,4218,148110,5655,168282,5536
21515,2213,18700,1416,133249,4887,157064,4504
21792,1915,18644,2320,133641,5255,122662,4870
21451,2716,18678,3266,100143,6074,162780,5856
21294,2443,18755,3625,93838,5088,170334,4679
21698,1697,18516,2178,100847,4857,122909,4914
21438,2593,18422,3983,146980,5996,152734,5813
21553,2639,18456,2413,123489,5528,142552,5429
21779,1962,18606,2495,100032,3488,104853,4116
21366,2230,18589,1509,89982,5894,162750,5672
20998,2793,18281,5566,145585,5710,171571,5323
21954,2140,18712,2332,147765,5011,162293,4601
22206,1829,18691,1092,146800,5391,148233,4969
22121,2669,18721,3531,148000,5830,173738,5835
22056,2290,18763,1676,148592,4973,152670,4819
21788,1667,18708,2089,116647,4900,147027,4704
21588,2597,18550,4414,148660,5852,163880,5693
21493,2720,18568,3253,147223,5420,173239,5173
22155,1940,18797,1104,73124,4806,104775,4345
21737,2303,18581,2631,128014,5733,137770,5634
21362,2874,18742,3557,89257,5651,129942,5331
20969,2294,18448,3322,147488,5011,173055,4444
21857,1816,18623,2482,146447,5425,158851,5071
22117,2959,18802,5498,147765,5843,171972,5693
22142,2307,18751,2213,148392,5221,153972,4849
22227,1663,18695,2341,127542,4977,133969,4764
21869,2601,18717,3706,147397,5771,174143,5642
21745,2690,18759,2461,149062,5399,175022,5204
21792,1859,18776,2904,146783,4922,162477,4286
21771,2218,18512,2661,101283,5664,140824,5621
21510,2827,18533,3126,149701,4589,99116,5335
21174,2235,18414,1535,73001,5204,153886,4512
21681,1774,18448,2192,147227,5361,170919,4965
22035,2823,18619,4286,147619,5758,173823,5698
22227,2422,18858,2912,148665,5135,157870,4891
22372,1573,18708,2383,137950,4857,142159,4683
22202,2571,18615,3386,147735,5864,172864,5698
21929,2533,18789,3791,147547,5515,163906,5160
21954,1786,18797,1697,122338,4862,166393,4197
22117,2243,18717,2832,148950,5511,172915,5617
21707,2776,18632,3570,113678,5638,149769,5369
21532,2205,18772,2201,65528,5011,126808,4734
21396,1928,18380,1893,121138,5327,147824,4986
21783,2785,18649,3638,147790,5847,170134,5715
22090,2422,18759,3480,145947,5160,151672,4896
22295,1676,18768,1932,123860,4994,140483,4866
22142,2508,18623,3966,148529,5801,171742,5676
21788,2576,18725,2853,147095,5515,168073,5259
21834,1919,18729,1667,132331,4853,147551,4341
21741,2157,18751,1245,148682,5813,169408,5502
21493,2878,18678,3288,142671,5809,175044,5340
21830,2178,18670,2201,137817,4908,139489,4606
22027,1808,18687,2520,147176,5276,160562,4747
22147,2768,18725,2917,100208,5579,148741,5741
21575,2362,18541,2537,119014,5306,131901,5024
21652,1765,18422,1501,105156,4891,111101,4836
21506,2605,18585,3526,129487,4487,133385,5655
20803,2690,18337,3885,109839,5647,171119,5109
21788,1837,18670,3561,148878,4870,153972,4354
21865,2222,18653,1300,134835,5625,163561,5450
21749,2764,18615,4499,146259,5767,170113,5399
21745,2213,18776,1177,138871,5054,143592,4675
21886,1816,18564,1484,136968,5403,147607,5088
21643,2878,18598,4658,147880,5958,159444,5818
21532,2451,18512,3467,147406,5130,116992,4908
21596,1748,18499,1467,69315,4533,130037,4704
21664,2678,18507,4849,148089,5886,148093,5579
21652,2789,18572,1897,133526,5574,143230,5272
21527,1854,18452,1632,114463,5118,113295,4397
21660,2222,18452,3241,116677,4832,142654,5420
21438,2874,18524,4252,141029,5754,159060,5523
21216,2178,18581,1069,130433,4990,171421,4546
21711,1727,18554,3471,147974,5399,170155,5067
22048,2806,18623,3522,147645,5723,173593,5676
22056,2358,18746,3058,148029,5075,158190,4853
22044,1752,18734,2076,129388,4512,130416,4721
21788,2682,18700,2576,147244,5796,172659,5532
21673,2785,18640,2542,148711,5545,166137,5169
21788,2017,18678,1104,135232,4849,125276,4341
21630,2184,18546,1518,107152,5348,169831,5378
21451,2789,18636,4158,147590,5852,172953,5382
21544,2247,18695,2690,89970,4914,133138,4811
21656,1748,18495,1663,121399,5468,128548,5152
21493,2878,18499,4030,130634,5698,145645,5672
21540,2537,18585,4158,130587,5092,108483,4764
21366,1701,18589,1556,81695,4879,142783,4709
21225,2601,18346,3463,119505,5869,172795,5468
21749,2802,18674,3509,147261,5450,170932,5246
22189,1996,18759,1897,146711,4802,140551,4402
22215,1987,18593,2123,147048,5672,171273,5289
22010,2614,18666,4192,148524,5873,174174,5382
21984,2218,18789,1672,124841,4986,150635,4815
21788,1539,18725,1642,137088,5357,155251,4819
21724,2802,18661,3953,134678,4521,171200,5604
21485,2529,18537,2656,112142,5306,148635,4931
21506,1816,18598,2068,85290,4393,130975,4606
21891,2576,18606,3915,147679,5775,173887,5664
21834,2686,18568,1991,101325,5284,146417,5481
21575,1923,18576,2601,116459,5007,119983,4406
21567,2213,18448,2205,121697,5651,140978,5502
21387,2900,18598,3232,110274,6125,152436,5553
21421,2188,18657,2747,128642,5216,88122,4862
21140,1663,18175,2102,59777,5276,143721,4734
21557,2768,18627,5007,147948,5890,171699,5545
22052,2375,18725,1919,147082,5255,162336,5045
22317,1731,18742,1330,136482,4764,141946,4666
22185,2447,18572,2912,147590,5771,173708,5608
22099,2755,18602,3211,146434,5502,170688,5318
22274,1706,18742,1130,142019,4943,139541,4470
22010,2055,18683,1803,146758,5574,150230,5437
21635,2840,18678,3262,147607,5784,174352,5515
21584,2209,18708,3130,148319,5011,142108,4700
21643,1501,18623,2051,128488,5272,140339,4747
21643,2878,18627,4550,148012,5843,171660,5659
21754,2354,18687,3612,114988,5335,153204,4904
21758,1752,18653,1245,114540,4721,115200,4597
21476,2486,18303,4201,100826,5621,169400,5733
21519,2840,18674,3501,135834,5676,134409,5280
21447,1897,18520,2614,99222,3365,119313,4751
20483,2093,18503,1505,144574,5331,169106,5135
20803,2734,18295,4512,147727,6006,172138,5519
21374,2201,18486,3079,118247,5195,124359,4649
21698,1611,18422,2290,106064,3778,112565,4960
21084,2883,18516,3894,95554,6010,172898,5617
21161,2422,18418,3740,147820,5306,171353,4798
21959,1731,18619,2707,137719,4700,140394,4474
21840,2320,18606,2290,149509,5702,162511,5668
21596,2866,18589,2474,145998,5642,157729,5327
21707,1923,18738,1607,116929,4726,129828,4470
21567,2170,18554,1330,145850,5267,159982,5532
21464,2900,18700,2588,147329,5659,157546,5613
21481,2256,18789,857,120387,4926,165446,4427
21711,1560,18585,1765,88634,5177,127810,5016
21464,2887,18405,2682,147935,6018,154768,5818
21506,2597,18593,2059,128105,5152,101751,4973
21366,1667,18465,2550,108248,5003,129154,4572
21345,2383,18529,2678,110278,5903,170031,5600
21618,2819,18541,2836,148243,5570,174015,5195
21852,1919,18640,2332,130727,4900,128949,4482
21745,2140,18627,1164,139545,5403,159337,5403
21596,2908,18602,3936,147970,5762,173628,5545
21783,2247,18755,3224,133462,5187,142483,4692
21635,1663,18482,1539,138504,5118,152427,4969
21459,2849,18564,2815,123720,5659,168987,5779
21468,2529,18550,3860,131256,5638,130327,5003
21741,1905,18564,2508,123783,4926,133548,4576
21592,2516,18473,3011,133569,4789,153344,5762
21370,2827,18615,2337,77045,5553,136644,5272
21362,2000,18401,2337,147133,5113,173913,4402
22086,2123,18657,1735,147744,5468,173376,5464
22061,2764,18738,4021,147658,5758,169818,5540
22189,2132,18746,2669,149262,4956,146408,4614
22113,1505,18729,1867,144830,5028,136192,4956
21681,2772,18683,2976,145350,5702,169796,5647
21618,2546,18695,3134,148993,5152,152082,4883
21711,1808,18734,1262,128919,4891,128437,4606
21749,2362,18615,3761,147198,5835,173171,5741
21567,2686,18670,3987,147159,5805,155511,5357
21540,1970,18507,2656,146963,4939,103125,4393
21652,2123,18533,1450,117543,5071,136695,5433
21417,2789,18537,4060,144096,5898,157623,5450
21656,2277,18666,1663,134566,5037,135675,4704
21698,1718,18640,1987,133129,5016,146839,4960
21579,2695,18589,3822,107562,5839,164004,5502
21391,2588,18380,3770,90909,5156,141954,4977
21673,1859,18892,809,21003,3139,42383,3181
19314,2400,18342,2184,101031,4529,151066,5229
18905,2806,18363,3526,111268,4376,156795,4777
18837,1962,18179,1970,91271,3680,117299,3987
18831,2021,18222,1983,101965,3970,152760,4990
18700,2819,18205,3270,123373,4546,171430,5147
18768,2434,18256,1594,98553,3680,130054,4282
18892,1710,18094,2013,97703,3885,130425,4504
18657,2768,18213,3117,122218,4542,167036,5164
18683,2512,18183,2861,112705,4129,148707,4457
18875,1778,18217,1901,78973,3412,113746,4146
18717,2174,18128,3975,115977,4593,170496,5348
18683,2751,18299,3441,111208,4419,152167,4777
18814,1880,18132,2781,98211,3680,120840,4017
18827,1996,18081,2559,110150,4034,153007,4943
18666,2832,18239,3024,132084,4546,172689,5062
18704,2294,18183,2307,106409,3816,127140,4180
18837,1615,18090,2021,99239,3655,131099,4385
18649,2673,18132,4328,120311,4470,173103,5164
18695,2503,18213,3386,107954,4158,143418,4410
18763,1880,18128,1564,79408,3348,106273,4017
18700,2174,18124,2434,115602,4508,172352,5191
18649,2742,18217,4146,117628,4269,179088,4840
18793,1911,18196,2434,97524,3531,127068,4004
18785,1962,18077,2337,104212,3843,142693,5041
18657,2806,18260,5255,124120,4461,168628,5092
18729,2337,18234,1479,101154,3663,134532,4112
18814,1684,18103,2286,95694,3868,134157,4521
18751,2601,18175,3130,120222,4495,162993,5109
18704,2559,18175,3365,113316,4072,142514,4512
18862,1842,18107,1718,77245,3395,117649,3941
18759,2166,18056,2184,114927,4423,162746,5191
18602,2734,18239,3164,118383,4362,153238,4777
18768,1996,18196,2281,93557,3621,123834,3987
18734,1983,18077,1757,93502,4034,146532,4891
18589,2716,18179,2648,124581,4521,168005,5191
18734,2379,18222,3003,101453,3816,127200,4256
18772,1513,18128,1399,93715,3804,131973,4410
18585,2703,18137,4303,119079,4529,163189,5177
18632,2559,18299,2857,117240,4252,150008,4414
18810,1850,18081,2781,82526,3373,109029,3812
18636,2192,18077,2929,113759,4499,162532,5169
18576,2789,18154,3774,113358,4214,163492,4887
18785,1957,18171,1765,92422,3543,121493,4009
18734,1880,18090,2707,101846,3975,139673,4891
18589,2853,18205,3028,126569,4495,171093,5199
18678,2337,18196,1342,108726,3723,127212,4273
18797,1479,18081,2546,94534,3748,120307,4397
18653,2639,18111,4260,118643,4635,165633,5221
18627,2546,18183,3100,113699,4107,157917,4431
18717,1799,18030,1718,83985,3386,108375,3894
18674,2196,18047,2712,110889,4487,159960,5177
18687,2827,18329,5280,116544,4231,164759,4832
18806,1932,18171,1837,91671,3617,120387,3992
18797,1940,18018,2720,94875,4072,133999,4948
18610,2793,18175,4345,129043,4525,169493,5122
18683,2491,18154,1347,99943,3791,133218,4214
18789,1522,18094,2396,89709,3890,127298,4457
18670,2703,18154,3433,122021,4495,164994,5105
18687,2669,18247,2451,112394,4026,146868,4427
18806,1820,18162,1437,86865,3407,113260,3970
18734,2123,18179,2230,115786,4453,163692,5255
18661,2891,18273,4112,116895,4231,157187,4926
18708,1905,18217,2264,93058,3782,128066,4026
18797,1945,18115,3066,102242,4034,142902,4939
18640,2819,18149,3003,125085,4597,164204,5361
18687,2491,18166,1355,104861,3847,132460,4252
18751,1556,18111,2755,89552,3799,128778,4436
18721,2712,18256,2887,121185,4504,172126,5297
18691,2639,18162,3531,111336,4231,155409,4550
18905,1880,18179,1334,87627,3399,116387,3936
18763,2157,18192,2451,117684,4457,162310,5323
18661,2904,18200,3992,128646,4167,153630,4794
18831,2004,18239,1646,92312,3697,121104,4064
18759,1837,18047,1522,101406,4150,140773,4789
18581,2755,18196,3992,128071,4580,169912,5229
18657,2311,18188,2861,99631,3881,134174,4175
18831,1615,18086,2724,87483,3932,135215,4368
18691,2678,18137,3126,126270,4470,167263,5204
18683,2584,18162,2644,105918,4099,149283,4563
18785,1867,18145,2439,88165,3424,108619,3740
18691,2201,18188,3651,117892,4380,159269,5177
18606,2793,18226,5886,116664,4320,164882,4965
18768,2030,18137,1650,88707,3646,127239,4004
18729,1974,18107,1155,105258,3979,151501,4687
18653,2781,18213,3437,124713,4521,172894,5246
18751,2218,18200,2081,99452,3847,132668,4180
18823,1607,18120,2465,85853,3830,127989,4444
18742,2661,18154,4316,123123,4478,166759,5259
18674,2635,18251,2618,115981,3949,159107,4508
18892,1820,18103,1535,84241,3497,110372,3877
18831,2222,18073,2495,120960,4423,170185,5221
18661,2781,18256,4333,122090,4188,153357,4931
18814,2038,18234,2661,94833,3787,128467,4000
18810,1979,18060,1628,102259,4154,142113,4726
18610,2720,18256,4060,123536,4354,176242,5318
18819,2281,18243,1556,94103,3787,134742,4112
18819,1590,18094,2166,93131,3860,125229,4316
18742,2601,18192,3860,128373,4376,168760,5216
18661,2503,18141,3219,110001,4030,164998,4555
18854,1833,18154,1680,87696,3395,108927,3706
18776,2218,18111,2127,114561,4337,163821,5130
18632,2751,18192,5238,122452,4209,171711,4840
18831,2051,18175,2707,94031,3757,126752,3996
18789,1940,18132,2144,100079,4163,140155,4679
18759,2764,18273,4440,123634,4487,171656,5181
18785,2426,18273,2925,95579,3962,126697,4243
18823,1564,18154,1556,87180,3826,126654,4277
18687,2661,18209,4499,124346,4389,170134,5335
18712,2508,18149,1846,115388,4055,154956,4436
18819,1884,18200,1543,88865,3505,114971,3945
18734,2072,18124,3488,117236,4414,158309,5238
18678,2861,18115,3539,121940,4239,159145,4914
18841,2051,18149,2192,90801,3915,132088,4167
18879,2076,18124,1850,101841,3936,139195,4713
18700,2789,18179,3539,121604,4474,176570,5225
18746,2474,18107,3185,99068,3890,133099,4324
18930,1581,18158,1496,88975,3826,127938,4368
18695,2554,18192,3987,113733,4402,167216,5267
18708,2434,18226,2366,101355,4248,153796,4645
18871,1923,18141,2486,79340,3505,104614,3911
18802,2247,18103,3168,116677,4414,170906,5187
18700,2815,18179,3480,118967,4303,156616,4747
18841,2051,18234,2144,88929,3757,121015,4146
18806,2030,17953,1871,96509,3958,132647,4572
18725,2789,18137,5468,118033,4436,169383,5208
18806,2341,18205,1646,98663,3894,136439,4286
18854,1676,18145,2055,83094,3795,128617,4260
18738,2605,18183,3702,124175,4440,173000,5204
18721,2478,18230,2584,106009,4333,141289,4738
18892,1905,18141,2768,82842,3518,118520,3826
18814,2256,18090,2529,112373,4393,161952,5246
18683,2772,18162,4376,115572,4444,162941,5007
18823,2127,18158,2239,85802,3761,127699,4184
18841,2000,18090,2379,96363,3736,143712,4525
18776,2742,18251,4043,115798,4431,174468,5246
18755,2247,18213,1628,101585,3911,137122,4273
18854,1539,18107,2622,87559,3617,125733,4328
18827,2622,18256,3356,120780,4610,169374,5344
18712,2516,18175,2102,110269,4188,159841,4777
18883,1945,18200,2661,83947,3539,111281,3970
18772,2247,18107,1714,114139,4358,155570,5246
18746,2815,18145,3096,118503,4324,170850,4802
18866,2059,18256,2434,83153,3816,123578,4120
18854,1962,18060,2153,89240,4060,141067,4610
18640,2678,18200,4423,115145,4461,176323,5096
18751,2400,18188,2405,95831,3898,133679,4265
18751,1615,18069,1928,82112,3753,133539,4235
18746,2533,18137,2870,124209,4431,166482,5233
18738,2546,18124,3015,104968,4307,151228,4785
18905,1996,18107,1467,80854,3646,118664,3945
18823,2119,18086,3207,111797,4402,155724,5233
18708,2789,18188,3207,114548,4410,164665,5105
18827,2064,18154,1842,93514,3744,129999,4158
18900,1923,18052,2639,97404,3941,135552,4538
18827,2682,18200,3509,117987,4516,160080,5267
18806,2486,18243,1991,99584,3847,143124,4345
18943,1632,18149,2580,77373,3761,137271,4303
18780,2601,18192,4427,115589,4563,170782,5233
18742,2601,18337,2311,110244,4154,164469,4726
18892,1953,18154,3032,84616,3583,108125,3949
18789,2030,18145,1586,109126,4402,165019,5118
18729,2798,18158,4376,117035,4440,165821,4567
19762,1888,18077,3702,145226,4922,170488,4444
20560,1953,18256,3450,136418,5216,120349,4879
20782,2716,18337,5540,146220,5822,171004,5587
21728,2366,18576,3604,147078,5204,167459,4717
22189,1701,18729,2550,142373,4887,150162,4760
22010,2409,18657,3310,148451,5796,174174,5587
21852,2443,18653,2955,146332,5327,159644,5195
21993,1936,18666,2474,118929,4623,132485,4320
21626,2038,18589,2533,148216,5659,174625,5638
21515,2793,18700,4158,146639,5638,174088,5374
21681,2184,18746,2388,105053,4960,157064,4610
21908,1905,18717,1786,110969,5191,120567,4999
21561,2776,18623,3505,145312,5685,157981,5839
21506,2434,18482,2742,117961,5301,132780,4870
21656,1740,18598,1219,101632,4896,127793,4606
21425,2661,18585,3164,148165,5911,173059,5583
21703,2720,18674,2337,148216,5344,171571,5259
21929,1846,18712,1689,125358,4811,129504,4112
21754,2140,18564,1399,149458,5693,155327,5506
21561,2764,18606,4478,146430,5625,165169,5655
21677,2188,18640,1535,92380,4973,142117,4645
21571,1846,18533,1987,105928,5126,154918,4772
21370,2755,18666,3241,146093,5898,163134,5754
21374,2426,18558,2823,111609,5071,134511,4849
21622,1723,18490,2383,104648,4986,127495,4606
21579,2665,18507,3126,147628,5988,171895,5796
21506,2593,18636,2157,135552,5549,139050,5335
21647,2017,18541,1351,91510,4815,110326,4358
21455,2260,18478,2149,129891,4738,150827,5630
21157,2764,18337,5263,147926,5771,172752,5318
22001,2123,18734,2362,148498,4918,147402,4427
21891,1672,18700,1795,142842,5177,135766,4969
21669,2802,18704,4256,147240,5822,171461,5672
21605,2430,18734,1693,141545,5113,163978,4751
21796,1650,18683,1270,115452,4956,143388,4806
21502,2695,18558,3126,147590,5693,173793,5733
21498,2738,18524,2205,134951,5481,160988,5306
21652,1897,18558,1496,107945,4789,109139,4337
21652,2298,18486,2379,118755,5502,130442,5187
21178,2912,18541,4316,94103,5928,167318,5425
21319,2068,18610,1808,115240,3706,144229,4453
21715,1752,18490,3049,146711,5425,164158,4952
22073,2815,18695,2614,147867,5843,173649,5685
22134,2243,18691,2260,145594,5139,157938,4704
22270,1672,18823,1983,134644,4789,145935,4645
22215,2563,18717,3348,148042,5727,167664,5647
21878,2529,18695,2222,142646,5365,171302,5195
21840,1706,18742,2192,145077,4935,148353,4410
21652,2093,18482,2734,148396,5792,168560,5630
21605,2764,18729,3719,146868,5754,174301,5276
22117,2166,18768,2895,148131,5062,165616,4525
21908,1650,18564,1057,104268,5118,119386,4986
21345,2866,18503,3799,125528,5873,166431,5771
21519,2465,18533,3642,128996,5216,133654,4965
21519,1748,18337,2478,93753,3830,97878,4542
20964,2678,18354,3190,144553,5903,170875,5540
21618,2554,18550,3719,147496,5506,173725,5152
22202,1808,18598,1615,148720,4956,144233,4286
22189,2093,18541,1138,148085,5830,168475,5485
22056,2661,18653,3583,148264,5737,172155,5293
21963,2008,18678,2166,141857,4815,133795,4649
21848,1808,18520,895,141383,5238,153972,5122
21656,2823,18687,3245,148204,5809,167519,5792
21622,2474,18691,2631,135880,5344,160894,4969
21758,1723,18700,1236,77471,3714,139417,4781
21510,2789,18589,3505,148802,5754,175112,5566
21775,2661,18585,3864,148114,5416,126116,5204
21822,1786,18606,2311,79536,4931,112185,4239
21536,2166,18606,2605,136640,5954,147445,5642
21455,2802,18397,3270,118076,5975,147987,5446
21476,2166,18499,2140,97874,5147,121318,4597
21493,1871,18564,2013,147424,5399,171990,4828
21800,2738,18572,4406,147585,5852,172557,5668
22103,2388,18670,2516,147061,5096,164571,4823
22215,1607,18572,1940,136580,4542,144796,4815
21984,2559,18653,3928,148588,5715,167088,5723
21601,2618,18649,3621,148012,5365,169677,5160
21745,1897,18700,2405,132058,4965,134191,4372
21745,2174,18533,1317,113602,5915,169413,5403
21609,2810,18606,3232,132528,5741,172322,5272
21669,2089,18615,2430,104494,5084,129986,4567
21652,1799,18666,2426,89544,5075,133159,4935
21267,2815,18448,3378,146237,5992,159764,5784
21506,2324,18422,2588,132378,5280,82969,4986
21626,1697,18503,2140,100054,4777,73564,3450
21332,2742,18541,2383,139899,6052,174203,5442
21353,2576,18524,4499,147683,5659,173478,5195
22223,1850,18687,2400,148264,4874,146127,4324
22240,2047,18615,2618,148349,5771,168185,5450
22082,2601,18585,3331,147547,5698,173520,5314
22227,2004,18687,2785,145469,4926,151271,4653
22125,1697,18653,1450,149075,5272,149569,5062
21817,2639,18602,3475,148417,5630,159073,5689
21946,2474,18814,3130,93331,4730,124662,4918
21664,1825,18558,1987,105492,4717,116571,4798
21561,2622,18589,3621,124526,5856,169605,5574
21284,2742,18649,2008,140428,4529,167963,5109
21199,1884,18537,1607,129465,4870,173861,4260
21788,2140,18546,4811,146694,5907,173645,5340
22048,2716,18670,3526,147445,5924,173307,5340
22244,2047,18746,1291,145560,4990,146110,4696
22321,1667,18610,1723,147978,5212,157593,5062
22069,2682,18661,2622,147611,5805,172518,5737
22078,2273,18742,3079,145981,5173,153775,4772
22151,1667,18721,1279,136725,4692,136913,4696
21895,2457,18623,3902,145538,5719,174997,5689
21643,2730,18678,3173,148512,5272,171618,5156
21737,1786,18691,1355,125660,4965,150055,4350
21762,2149,18640,3041,145964,5745,173423,5412
21592,2806,18507,3429,112117,5710,162835,5403
21455,2149,18495,2512,114173,5054,124090,4879
21690,1761,18558,1347,109097,5246,101802,5067
21038,2686,18251,5715,146400,5818,173154,5596
21152,2482,18585,3219,126330,5126,173076,4777
21899,1718,18691,3339,146144,4618,158173,4683
22172,2622,18729,3369,147782,5915,173632,5591
22082,2618,18653,3638,147701,5562,173461,5169
22376,1816,18763,2417,143785,4870,142301,4362
22249,2038,18742,1325,146455,5651,168598,5331
22117,2682,18653,3241,147670,5809,172889,5403
22278,2149,18776,1505,147970,4939,149608,4755
22232,1547,18695,2017,148520,5229,149569,4857
22069,2537,18751,3458,147935,5830,174168,5651
21937,2311,18683,2294,148148,5255,153920,4908
22257,1799,18772,1462,137817,4538,158770,4563
22338,2601,18772,2836,148324,5945,125293,5528
21720,2730,18683,2081,101482,5532,143461,5399
21690,1940,18602,1001,114433,4969,118226,4376
21601,2098,18568,2661,125728,4499,129106,5199
20952,2827,18337,4606,147534,5689,146874,5191
